[fdwalk] RESULT	graph=pubmed	pairs=nbr_walk	weight=min_gap	optim=plain	seed=42	n=19717	dnnz=1228809	t_aug=0.3	t_embed=62.3	dz=1.2353	acc=0.9802	f1=0.9799	auc=0.9975	r2_dist=0.287	mae_dist=0.924	r2_vec=0.228	mae_vec=0.959	h2_exact=0.108	h2_pairs=24279	lm=0	force=fdlinear	far_bias=0.0	kr=1.0	degnorm=1	policy=cap	rss=1219
[fdwalk] RESULT	graph=pubmed	pairs=nbr_walk	weight=min_gap	optim=plain	seed=42	n=19717	dnnz=1228809	t_aug=0.3	t_embed=62.2	dz=0.0207	acc=0.9903	f1=0.9902	auc=0.9995	r2_dist=0.446	mae_dist=0.829	r2_vec=0.359	mae_vec=0.879	h2_exact=0.108	h2_pairs=24279	lm=0	force=fdlinear	far_bias=0.0	kr=1.0	degnorm=1	policy=cap	rss=1208
[fdwalk] RESULT	graph=pubmed	pairs=walk	weight=min_gap	optim=plain	seed=42	n=19717	dnnz=654874	t_aug=1.9	t_embed=43.1	dz=0.4148	acc=0.9784	f1=0.9783	auc=0.9967	r2_dist=0.439	mae_dist=0.859	r2_vec=0.496	mae_vec=0.803	h2_exact=0.975	h2_pairs=5120	lm=0	force=fdlinear	far_bias=0.0	kr=1.0	degnorm=1	policy=cap	rss=1077
[fdwalk] RESULT	graph=pubmed	pairs=walk	weight=min_gap	optim=plain	seed=42	n=19717	dnnz=654874	t_aug=1.9	t_embed=43.2	dz=0.0071	acc=0.9815	f1=0.9814	auc=0.9977	r2_dist=0.551	mae_dist=0.771	r2_vec=0.623	mae_vec=0.729	h2_exact=0.975	h2_pairs=5120	lm=0	force=fdlinear	far_bias=0.0	kr=1.0	degnorm=1	policy=cap	rss=1087
[fdwalk] RESULT	graph=pubmed	pairs=walk_edges	weight=min_gap	optim=plain	seed=42	n=19717	dnnz=656696	t_aug=1.9	t_embed=43.5	dz=0.4414	acc=0.9752	f1=0.9750	auc=0.9964	r2_dist=0.469	mae_dist=0.829	r2_vec=0.510	mae_vec=0.795	h2_exact=0.974	h2_pairs=5040	lm=0	force=fdlinear	far_bias=0.0	kr=1.0	degnorm=1	policy=cap	rss=1087
[fdwalk] RESULT	graph=pubmed	pairs=walk_edges	weight=min_gap	optim=plain	seed=42	n=19717	dnnz=656696	t_aug=1.9	t_embed=43.4	dz=0.0070	acc=0.9805	f1=0.9804	auc=0.9974	r2_dist=0.586	mae_dist=0.741	r2_vec=0.640	mae_vec=0.690	h2_exact=0.974	h2_pairs=5040	lm=0	force=fdlinear	far_bias=0.0	kr=1.0	degnorm=1	policy=cap	rss=1077
[fdwalk] RESULT	graph=pubmed	pairs=nbr_walk	weight=min_gap	optim=plain	seed=56	n=19717	dnnz=1227390	t_aug=0.3	t_embed=62.3	dz=1.2155	acc=0.9792	f1=0.9789	auc=0.9976	r2_dist=0.250	mae_dist=0.985	r2_vec=0.218	mae_vec=1.008	h2_exact=0.112	h2_pairs=23487	lm=0	force=fdlinear	far_bias=0.0	kr=1.0	degnorm=1	policy=cap	rss=1227
[fdwalk] RESULT	graph=pubmed	pairs=nbr_walk	weight=min_gap	optim=plain	seed=56	n=19717	dnnz=1227390	t_aug=0.3	t_embed=62.2	dz=0.0208	acc=0.9909	f1=0.9909	auc=0.9996	r2_dist=0.443	mae_dist=0.850	r2_vec=0.405	mae_vec=0.887	h2_exact=0.112	h2_pairs=23487	lm=0	force=fdlinear	far_bias=0.0	kr=1.0	degnorm=1	policy=cap	rss=1187
[fdwalk] RESULT	graph=pubmed	pairs=walk	weight=min_gap	optim=plain	seed=56	n=19717	dnnz=654350	t_aug=1.9	t_embed=43.0	dz=0.4059	acc=0.9793	f1=0.9792	auc=0.9976	r2_dist=0.417	mae_dist=0.826	r2_vec=0.409	mae_vec=0.832	h2_exact=0.977	h2_pairs=4596	lm=0	force=fdlinear	far_bias=0.0	kr=1.0	degnorm=1	policy=cap	rss=1081
[fdwalk] RESULT	graph=pubmed	pairs=walk	weight=min_gap	optim=plain	seed=56	n=19717	dnnz=654350	t_aug=1.9	t_embed=43.0	dz=0.0070	acc=0.9824	f1=0.9823	auc=0.9984	r2_dist=0.563	mae_dist=0.732	r2_vec=0.567	mae_vec=0.723	h2_exact=0.977	h2_pairs=4596	lm=0	force=fdlinear	far_bias=0.0	kr=1.0	degnorm=1	policy=cap	rss=1076
[fdwalk] RESULT	graph=pubmed	pairs=walk_edges	weight=min_gap	optim=plain	seed=56	n=19717	dnnz=656100	t_aug=1.8	t_embed=43.0	dz=0.4285	acc=0.9803	f1=0.9802	auc=0.9975	r2_dist=0.421	mae_dist=0.824	r2_vec=0.419	mae_vec=0.824	h2_exact=0.977	h2_pairs=4610	lm=0	force=fdlinear	far_bias=0.0	kr=1.0	degnorm=1	policy=cap	rss=1085
[fdwalk] RESULT	graph=pubmed	pairs=walk_edges	weight=min_gap	optim=plain	seed=56	n=19717	dnnz=656100	t_aug=1.8	t_embed=43.0	dz=0.0070	acc=0.9828	f1=0.9827	auc=0.9985	r2_dist=0.576	mae_dist=0.720	r2_vec=0.571	mae_vec=0.718	h2_exact=0.977	h2_pairs=4610	lm=0	force=fdlinear	far_bias=0.0	kr=1.0	degnorm=1	policy=cap	rss=1091
[fdwalk] RESULT	graph=pubmed	pairs=nbr_walk	weight=min_gap	optim=plain	seed=88	n=19717	dnnz=1227941	t_aug=0.3	t_embed=70.0	dz=1.2305	acc=0.9782	f1=0.9779	auc=0.9971	r2_dist=0.296	mae_dist=0.976	r2_vec=0.279	mae_vec=0.999	h2_exact=0.114	h2_pairs=23302	lm=0	force=fdlinear	far_bias=0.0	kr=1.0	degnorm=1	policy=cap	rss=1198
[fdwalk] RESULT	graph=pubmed	pairs=nbr_walk	weight=min_gap	optim=plain	seed=88	n=19717	dnnz=1227941	t_aug=0.3	t_embed=70.0	dz=0.0208	acc=0.9914	f1=0.9914	auc=0.9995	r2_dist=0.470	mae_dist=0.868	r2_vec=0.458	mae_vec=0.876	h2_exact=0.114	h2_pairs=23302	lm=0	force=fdlinear	far_bias=0.0	kr=1.0	degnorm=1	policy=cap	rss=1196
[fdwalk] RESULT	graph=pubmed	pairs=walk	weight=min_gap	optim=plain	seed=88	n=19717	dnnz=654830	t_aug=1.9	t_embed=44.3	dz=0.4435	acc=0.9757	f1=0.9755	auc=0.9968	r2_dist=0.471	mae_dist=0.858	r2_vec=0.557	mae_vec=0.786	h2_exact=0.975	h2_pairs=4699	lm=0	force=fdlinear	far_bias=0.0	kr=1.0	degnorm=1	policy=cap	rss=1094
[fdwalk] RESULT	graph=pubmed	pairs=walk	weight=min_gap	optim=plain	seed=88	n=19717	dnnz=654830	t_aug=1.9	t_embed=44.5	dz=0.0072	acc=0.9804	f1=0.9803	auc=0.9975	r2_dist=0.581	mae_dist=0.776	r2_vec=0.650	mae_vec=0.706	h2_exact=0.975	h2_pairs=4699	lm=0	force=fdlinear	far_bias=0.0	kr=1.0	degnorm=1	policy=cap	rss=1081
[fdwalk] RESULT	graph=pubmed	pairs=walk_edges	weight=min_gap	optim=plain	seed=88	n=19717	dnnz=656572	t_aug=1.9	t_embed=43.9	dz=0.4761	acc=0.9777	f1=0.9776	auc=0.9968	r2_dist=0.477	mae_dist=0.854	r2_vec=0.513	mae_vec=0.813	h2_exact=0.975	h2_pairs=4717	lm=0	force=fdlinear	far_bias=0.0	kr=1.0	degnorm=1	policy=cap	rss=1073
[fdwalk] RESULT	graph=pubmed	pairs=walk_edges	weight=min_gap	optim=plain	seed=88	n=19717	dnnz=656572	t_aug=1.9	t_embed=43.9	dz=0.0071	acc=0.9813	f1=0.9812	auc=0.9977	r2_dist=0.596	mae_dist=0.762	r2_vec=0.651	mae_vec=0.708	h2_exact=0.975	h2_pairs=4717	lm=0	force=fdlinear	far_bias=0.0	kr=1.0	degnorm=1	policy=cap	rss=1081
